#,id,user_id,title,subtitle,content,cover,hidden,created_at,update_at
1,9,3,Assincronismo com Ajax Teste,Fa&ccedil;a requisi&ccedil;&otilde;es a um servidor sem sem recarregamento de p&aacute;gina,"                                                                                <p class=""MsoNormal"">Metodologia de programação que possibilita fazer requisições assincronas ao servidor sem recarregamento de página e não <span style=""mso-spacerun: yes;""> </span>bloqueia o uso da aplicação em quanto o servidor processa o pedido e devolve a resposta.</p>
<p class=""MsoNormal""><strong>Uso básico</strong>:</p>
<p class=""MsoNormal""><code><span style=""font-size: 9.0pt; line-height: 107%; font-family: 'Courier New';"">let xhr = new XMLHttpRequest();</span></code></p>
<p class=""MsoNormal""><code><span lang=""EN-US"" style=""font-size: 9.0pt; line-height: 107%; font-family: 'Courier New'; mso-ansi-language: EN-US;"">xhr.open(‘GET’, ‘http://www.domain.com’)</span></code></p>
<p class=""MsoNormal""><code><span lang=""EN-US"" style=""font-size: 9.0pt; line-height: 107%; font-family: 'Courier New'; mso-ansi-language: EN-US;"">xhr.send()</span></code></p>
<p class=""MsoNormal""><code><span lang=""EN-US"" style=""font-size: 9.0pt; line-height: 107%; font-family: 'Courier New'; mso-ansi-language: EN-US;"">xhr.onreadystatechange = () => {</span></code></p>
<p class=""MsoNormal""><code><span lang=""EN-US"" style=""font-size: 9.0pt; line-height: 107%; font-family: 'Courier New'; mso-ansi-language: EN-US;""><span style=""mso-tab-count: 1;"">       </span>if (xhr.readyState == 4 && xhr.status == 200) {</span></code></p>
<p class=""MsoNormal""><code><span lang=""EN-US"" style=""font-size: 9.0pt; line-height: 107%; font-family: 'Courier New'; mso-ansi-language: EN-US;""><span style=""mso-tab-count: 2;"">             </span></span><span style=""font-size: 9.0pt; line-height: 107%; font-family: 'Courier New';"">// Inserir na página o texto de resposta do servidor</span></code></p>
<p class=""MsoNormal""><code><span style=""font-size: 9.0pt; line-height: 107%; font-family: 'Courier New';""><span style=""mso-tab-count: 2;"">             </span>document.querySelector(‘div.content’).innerHTML =</span></code></p>
<p class=""MsoNormal"" style=""margin-left: 35.4pt; text-indent: 35.4pt;""><code><span style=""font-size: 9.0pt; line-height: 107%; font-family: 'Courier New'; mso-ansi-language: EN-US;""><span style=""mso-spacerun: yes;""> </span><span lang=""EN-US"">let response = xhr.responseText;</span></span></code></p>
<p class=""MsoNormal""><code><span lang=""EN-US"" style=""font-size: 9.0pt; line-height: 107%; font-family: 'Courier New'; mso-ansi-language: EN-US;""><span style=""mso-tab-count: 2;"">             </span>// converter para json</span></code></p>
<p class=""MsoNormal""><code><span lang=""EN-US"" style=""font-size: 9.0pt; line-height: 107%; font-family: 'Courier New'; mso-ansi-language: EN-US;""><span style=""mso-tab-count: 2;"">             </span>let responseJson = JSON.parse(xhr.responseText);</span></code></p>
<p class=""MsoNormal""><code><span lang=""EN-US"" style=""font-size: 9.0pt; line-height: 107%; font-family: 'Courier New'; mso-ansi-language: EN-US;""><span style=""mso-tab-count: 2;"">             </span>//converter para XML</span></code></p>
<p class=""MsoNormal""><code><span lang=""EN-US"" style=""font-size: 9.0pt; line-height: 107%; font-family: 'Courier New'; mso-ansi-language: EN-US;""><span style=""mso-tab-count: 2;"">             </span>let responseXml = xhr.responseXML;</span></code></p>
<p class=""MsoNormal""><code><span lang=""EN-US"" style=""font-size: 9.0pt; line-height: 107%; font-family: 'Courier New'; mso-ansi-language: EN-US;""><span style=""mso-tab-count: 1;"">       </span></span><span style=""font-size: 9.0pt; line-height: 107%; font-family: 'Courier New';"">}</span></code></p>
<p class=""MsoNormal""><code><span style=""font-size: 9.0pt; line-height: 107%; font-family: 'Courier New';"">}</span></code></p>
<p class=""MsoNormal""><span style=""font-size: 9.0pt; line-height: 107%; font-family: 'Courier New';""> </span></p>
<p class=""MsoNormal""><strong><span style=""font-family: 'Calibri Light',sans-serif; mso-ascii-theme-font: major-latin; mso-hansi-theme-font: major-latin; mso-bidi-font-family: 'Courier New';"">Enviando dados ao servidor:</span></strong></p>
<p class=""MsoNormal""><code><span lang=""EN-US"" style=""font-size: 9.0pt; line-height: 107%; font-family: 'Courier New'; mso-ansi-language: EN-US;"">// Iniciar todas as variáveis</span></code></p>
<p class=""MsoNormal""><code><span lang=""EN-US"" style=""font-size: 9.0pt; line-height: 107%; font-family: 'Courier New'; mso-ansi-language: EN-US;"">let xhr = new XMLHttpRequest();</span></code></p>
<p class=""MsoNormal""><code><span lang=""EN-US"" style=""font-size: 9.0pt; line-height: 107%; font-family: 'Courier New'; mso-ansi-language: EN-US;"">let formData = new FormData();</span></code></p>
<p class=""MsoNormal""><code><span lang=""EN-US"" style=""font-size: 9.0pt; line-height: 107%; font-family: 'Courier New'; mso-ansi-language: EN-US;"">let form = document.querySelector(‘form.registration’);</span></code></p>
<p class=""MsoNormal""><code><span lang=""EN-US"" style=""font-size: 9.0pt; line-height: 107%; font-family: 'Courier New'; mso-ansi-language: EN-US;"">let image = document.querySelector(‘input[type=”file”]’);</span></code></p>
<p class=""MsoNormal""><code><span lang=""EN-US"" style=""font-size: 9.0pt; line-height: 107%; font-family: 'Courier New'; mso-ansi-language: EN-US;""> </span></code></p>
<p class=""MsoNormal""><code><span lang=""EN-US"" style=""font-size: 9.0pt; line-height: 107%; font-family: 'Courier New'; mso-ansi-language: EN-US;"">// Adicionar todos os eventos</span></code></p>
<p class=""MsoNormal""><code><span lang=""EN-US"" style=""font-size: 9.0pt; line-height: 107%; font-family: 'Courier New'; mso-ansi-language: EN-US;"">image.addEventListener(‘change’, (evt) => {</span></code></p>
<p class=""MsoNormal""><code><span lang=""EN-US"" style=""font-size: 9.0pt; line-height: 107%; font-family: 'Courier New'; mso-ansi-language: EN-US;""><span style=""mso-tab-count: 1;"">       </span>if (evt.target.files !== null && evt.target.files.length > 0) {</span></code></p>
<p class=""MsoNormal""><code><span lang=""EN-US"" style=""font-size: 9.0pt; line-height: 107%; font-family: 'Courier New'; mso-ansi-language: EN-US;""><span style=""mso-tab-count: 2;"">             </span>formData.append(evt.target.files[0]);</span></code></p>
<p class=""MsoNormal""><code><span lang=""EN-US"" style=""font-size: 9.0pt; line-height: 107%; font-family: 'Courier New'; mso-ansi-language: EN-US;""><span style=""mso-tab-count: 1;"">       </span>} else {</span></code></p>
<p class=""MsoNormal""><code><span lang=""EN-US"" style=""font-size: 9.0pt; line-height: 107%; font-family: 'Courier New'; mso-ansi-language: EN-US;""><span style=""mso-tab-count: 2;"">             </span></span><span style=""font-size: 9.0pt; line-height: 107%; font-family: 'Courier New';"">Alert(‘Selecione uma imagem antes de enviar’);</span></code></p>
<p class=""MsoNormal"" style=""text-indent: 35.4pt;""><code><span style=""font-size: 9.0pt; line-height: 107%; font-family: 'Courier New';"">}</span></code></p>
<p class=""MsoNormal""><code><span lang=""EN-US"" style=""font-size: 9.0pt; line-height: 107%; font-family: 'Courier New'; mso-ansi-language: EN-US;"">}, false);</span></code></p>
<p class=""MsoNormal""><code><span lang=""EN-US"" style=""font-size: 9.0pt; line-height: 107%; font-family: 'Courier New'; mso-ansi-language: EN-US;""> </span></code></p>
<p class=""MsoNormal""><span lang=""EN-US"" style=""font-size: 9.0pt; line-height: 107%; font-family: 'Courier New'; mso-ansi-language: EN-US;""> </span></p>
<p class=""MsoNormal""><code><span lang=""EN-US"" style=""font-size: 9.0pt; line-height: 107%; font-family: 'Courier New'; mso-ansi-language: EN-US;"">form.addEventListener (‘submit’, (evt) => {</span></code></p>
<p class=""MsoNormal""><code><span lang=""EN-US"" style=""font-size: 9.0pt; line-height: 107%; font-family: 'Courier New'; mso-ansi-language: EN-US;""><span style=""mso-tab-count: 1;"">       </span>evt.preventDefault();</span></code></p>
<p class=""MsoNormal""><code><span lang=""EN-US"" style=""font-size: 9.0pt; line-height: 107%; font-family: 'Courier New'; mso-ansi-language: EN-US;""><span style=""mso-tab-count: 1;"">       </span>formData.append(evt.target[0].value);</span></code></p>
<p class=""MsoNormal""><code><span lang=""EN-US"" style=""font-size: 9.0pt; line-height: 107%; font-family: 'Courier New'; mso-ansi-language: EN-US;""><span style=""mso-tab-count: 1;"">       </span>formData.append(evt.target[2].value);</span></code></p>
<p class=""MsoNormal""><code><span lang=""EN-US"" style=""font-size: 9.0pt; line-height: 107%; font-family: 'Courier New'; mso-ansi-language: EN-US;""><span style=""mso-tab-count: 1;"">       </span>// …<u style=""text-underline: double;""></u></span></code></p>
<p class=""MsoNormal""><code><span lang=""EN-US"" style=""font-size: 9.0pt; line-height: 107%; font-family: 'Courier New'; mso-ansi-language: EN-US;"">}, false);</span></code></p>
<p class=""MsoNormal""><code><span lang=""EN-US"" style=""font-size: 9.0pt; line-height: 107%; font-family: 'Courier New'; mso-ansi-language: EN-US;""> </span></code></p>
<p class=""MsoNormal""><code><span style=""font-size: 9.0pt; line-height: 107%; font-family: 'Courier New';"">// Alterando a barra de progresso</span></code></p>
<p class=""MsoNormal""><code><span lang=""EN-US"" style=""font-size: 9.0pt; line-height: 107%; font-family: 'Courier New'; mso-ansi-language: EN-US;"">xhr.upload.addEventListener(‘progress’, (evt) => {</span></code></p>
<p class=""MsoNormal""><code><span lang=""EN-US"" style=""font-size: 9.0pt; line-height: 107%; font-family: 'Courier New'; mso-ansi-language: EN-US;""><span style=""mso-tab-count: 1;"">       </span>let percent = Math.floor((evt.loaded * 100) / evt.total);</span></code></p>
<p class=""MsoNormal""><code><span lang=""EN-US"" style=""font-size: 9.0pt; line-height: 107%; font-family: 'Courier New'; mso-ansi-language: EN-US;""><span style=""mso-tab-count: 1;"">       </span></span><span style=""font-size: 9.0pt; line-height: 107%; font-family: 'Courier New';"">document.querySelector(‘div.progress’).style.width = `${percent}%`;</span></code></p>
<p class=""MsoNormal""><code><span style=""font-size: 9.0pt; line-height: 107%; font-family: 'Courier New';""><span style=""mso-tab-count: 1;"">       </span>document.querySelector(‘div.progress’).innerText = `${percent}%`;</span></code></p>
<p class=""MsoNormal""><code><span lang=""EN-US"" style=""font-size: 9.0pt; line-height: 107%; font-family: 'Courier New'; mso-ansi-language: EN-US;"">}, false);</span></code></p>
<p class=""MsoNormal""><code><span lang=""EN-US"" style=""font-size: 9.0pt; line-height: 107%; font-family: 'Courier New'; mso-ansi-language: EN-US;"">xhr.open(‘GET’, ‘http://www.domain.com’);</span></code></p>
<p class=""MsoNormal""><code><span lang=""EN-US"" style=""font-size: 9.0pt; line-height: 107%; font-family: 'Courier New'; mso-ansi-language: EN-US;"">xhr.send(formData);</span></code></p>
<p class=""MsoNormal""> </p>
                
                
                
                ",uploads/covers/1658186855-ajax.png,0,2022-07-29 23:26:21,2022-07-29 23:26:21
2,11,3,CSS Flexbox Teste,Distribua os elementos HTML na p&aacute;gina mais facilmente com a propriedade flex das CSS.,"<p class=""MsoNormal"">Este &eacute; um breve resumo do flexbox em CSS e tem como objetivo explicar de forma simples o uso e aplica&ccedil;&atilde;o das propriedades CSS que fazem parte do display fex ou flexbox.</p>
<p class=""MsoNormal"">O CSS flexbox ou simplesmente display flex, &eacute; uma maneira de acomodar e distribuir os elementos HTML numa p&aacute;gina web. Ele possibilita dentre outras coisas, ajustar os elementos na vertical ou na orizontal &ndash; algo muito utilizado por <em>web designers</em>.</p>
<p class=""MsoNormal"">Para tronar um elemento flex (flex-container), basta usar a propriedade CSS <strong>display </strong>e atribuir o seu valor como flex. Os filhos deste elemento (flex-items) poder&atilde;o ser ajustados na tela de acordo com o que for configurado no elemento pai que est&aacute; recebendo o display flex. N&oacute;s temos as seguintes possibilidades:</p>
<p class=""MsoListParagraphCxSpFirst"" style=""text-indent: -18.0pt; mso-list: l0 level1 lfo1;""><!-- [if !supportLists]--><span style=""font-family: Symbol; mso-fareast-font-family: Symbol; mso-bidi-font-family: Symbol; color: black; mso-themecolor: text1; mso-bidi-font-weight: bold; mso-bidi-font-style: italic;""><span style=""mso-list: Ignore;"">&middot;<span style=""font: 7.0pt 'Times New Roman';"">&nbsp;&nbsp;&nbsp;&nbsp;&nbsp;&nbsp;&nbsp;&nbsp; </span></span></span><!--[endif]--><strong><em>A propriedade <span style=""color: #0070c0;"">flex-direction</span></em></strong></p>
<p class=""MsoListParagraphCxSpMiddle"">Pode rereber como valor, <strong>column </strong>que ir&aacute; exibir os elementos filhos um em baixo do outro, <strong>row</strong>, que &eacute; o padr&atilde;o, que ir&aacute; exibi-los lado a lado, <strong>column-reverse </strong>ou <strong>row-reverse </strong>que ir&atilde;o exibir os elementos da mesma forma que column ou row, s&oacute; que invertendo a ordem dos mesmos.</p>
<p class=""MsoListParagraphCxSpMiddle"" style=""text-indent: -18.0pt; mso-list: l0 level1 lfo1;""><!-- [if !supportLists]--><span style=""font-family: Symbol; mso-fareast-font-family: Symbol; mso-bidi-font-family: Symbol; color: black; mso-themecolor: text1; mso-bidi-font-weight: bold; mso-bidi-font-style: italic;""><span style=""mso-list: Ignore;"">&middot;<span style=""font: 7.0pt 'Times New Roman';"">&nbsp;&nbsp;&nbsp;&nbsp;&nbsp;&nbsp;&nbsp;&nbsp; </span></span></span><!--[endif]--><strong><em>A propriedade <span style=""color: #0070c0;"">flex-wrap</span></em></strong></p>
<p class=""MsoListParagraphCxSpMiddle"">Esta propriedade far&aacute; com que os elementos quebrem linha quando n&atilde;o couberem no flex-container (elemento que recebe o display flex) se estiver definida como <strong>wrap </strong>ou que diminuam de largura para caberem no flex-container se estiver definida como <strong>nowrap</strong>,<strong> </strong>que<strong> </strong>&eacute; o padr&atilde;o<strong>.</strong></p>
<p class=""MsoListParagraphCxSpMiddle"" style=""text-indent: -18.0pt; mso-list: l0 level1 lfo1;""><!-- [if !supportLists]--><span style=""font-family: Symbol; mso-fareast-font-family: Symbol; mso-bidi-font-family: Symbol; color: black; mso-themecolor: text1; mso-bidi-font-weight: bold; mso-bidi-font-style: italic;""><span style=""mso-list: Ignore;"">&middot;<span style=""font: 7.0pt 'Times New Roman';"">&nbsp;&nbsp;&nbsp;&nbsp;&nbsp;&nbsp;&nbsp;&nbsp; </span></span></span><!--[endif]--><strong><em>A propriedade <span style=""color: #0070c0;"">flex-flow</span></em></strong></p>
<p class=""MsoListParagraphCxSpMiddle"">Um atalho para flex-direction e flex-wrap onde voc&ecirc; define os valores de ambas as propriedades respectivamente e separados por espa&ccedil;o.</p>
<p class=""MsoListParagraphCxSpMiddle"" style=""text-indent: -18.0pt; mso-list: l0 level1 lfo1;""><!-- [if !supportLists]--><span style=""font-family: Symbol; mso-fareast-font-family: Symbol; mso-bidi-font-family: Symbol; color: black; mso-themecolor: text1; mso-bidi-font-weight: bold;""><span style=""mso-list: Ignore;"">&middot;<span style=""font: 7.0pt 'Times New Roman';"">&nbsp;&nbsp;&nbsp;&nbsp;&nbsp;&nbsp;&nbsp;&nbsp; </span></span></span><!--[endif]--><strong><em>A propriedade <span style=""color: #0070c0;"">justify-content</span></em></strong></p>
<p class=""MsoListParagraphCxSpMiddle"" style=""margin-top: 12.0pt; mso-add-space: auto;"">Alinha os elementos no main axis. Que, por padr&atilde;o, &eacute; na orizontal. Pode receber os valores flex-start (agrupa os elementos no in&iacute;cio do flex-container), flex-end (agrupa os elementos no final do flex-container), center (agrupa os elementos centralizados no flex-container), space-around (distribui os espa&ccedil;os excedentes em torno dos elementos) e space-between (distribui os espa&ccedil;os excentes entre os elementos).</p>
<p class=""MsoListParagraphCxSpMiddle"" style=""margin-top: 12.0pt; mso-add-space: auto; text-indent: -18.0pt; mso-list: l0 level1 lfo1;""><!-- [if !supportLists]--><span style=""font-family: Symbol; mso-fareast-font-family: Symbol; mso-bidi-font-family: Symbol; color: black; mso-themecolor: text1; mso-bidi-font-weight: bold;""><span style=""mso-list: Ignore;"">&middot;<span style=""font: 7.0pt 'Times New Roman';"">&nbsp;&nbsp;&nbsp;&nbsp;&nbsp;&nbsp;&nbsp;&nbsp; </span></span></span><!--[endif]--><strong><em>A propriedade <span style=""color: #0070c0;"">align-items</span></em></strong></p>
<p class=""MsoListParagraphCxSpMiddle"" style=""margin-top: 12.0pt; mso-add-space: auto;"">Alinha os elementos no cross axis. Semelhantemente, recebe os valores flex-start, flex-end, space-around, space-between, center e tamb&eacute;m o stretch (aumenta ao m&aacute;ximo o<span style=""mso-spacerun: yes;"">&nbsp; </span>comprimento dos elementos dentro do container sendo limitado pelo <em>padding</em> deste) e o flex-base (alinha os items do container pela base da fonte).</p>
<p class=""MsoListParagraphCxSpMiddle"" style=""margin-top: 12.0pt; mso-add-space: auto; text-indent: -18.0pt; mso-list: l0 level1 lfo1;""><!-- [if !supportLists]--><span style=""font-family: Symbol; mso-fareast-font-family: Symbol; mso-bidi-font-family: Symbol; color: black; mso-themecolor: text1; mso-bidi-font-weight: bold;""><span style=""mso-list: Ignore;"">&middot;<span style=""font: 7.0pt 'Times New Roman';"">&nbsp;&nbsp;&nbsp;&nbsp;&nbsp;&nbsp;&nbsp;&nbsp; </span></span></span><!--[endif]--><strong><em>A propriedade <span style=""color: #0070c0;"">align-content</span></em></strong></p>
<p class=""MsoListParagraphCxSpLast"" style=""margin-top: 12.0pt; mso-add-space: auto;"">Recebe os mesmos valores que align-items. Por&eacute;m, tais valores s&oacute; ser&atilde;o aplicados aos flex-items (como s&atilde;o chamados os elementos dentro do display flex) se eles quebrarem linha ao menos em um lugar.</p>
<p class=""MsoNormal"" style=""margin-top: 12.0pt;"">Todas as propriedades listadas a cima s&atilde;o aplicadas ao elemento pai e definir&atilde;o como os filhos deste ser&atilde;o disposto na tela aproveitando o espa&ccedil;o dispon&iacute;vel. Agora veremos as propriedades aplicadas aos flex-items, os elementos dentro do flex-container.</p>
<p class=""MsoNormal"" style=""margin-top: 12.0pt;"">S&atilde;o elas:</p>
<p class=""MsoListParagraphCxSpFirst"" style=""margin-top: 12.0pt; mso-add-space: auto; text-indent: -18.0pt; mso-list: l0 level1 lfo1;""><!-- [if !supportLists]--><span style=""font-family: Symbol; mso-fareast-font-family: Symbol; mso-bidi-font-family: Symbol; color: black; mso-themecolor: text1; mso-bidi-font-weight: bold;""><span style=""mso-list: Ignore;"">&middot;<span style=""font: 7.0pt 'Times New Roman';"">&nbsp;&nbsp;&nbsp;&nbsp;&nbsp;&nbsp;&nbsp;&nbsp; </span></span></span><!--[endif]--><strong><span style=""color: #0070c0;"">flex-grow</span></strong></p>
<p class=""MsoListParagraphCxSpMiddle"" style=""margin-top: 12.0pt; mso-add-space: auto;"">De forma resumida, recebe um valor numerico inteiro que se refere &agrave; um valor de fra&ccedil;&atilde;o que este elemento receber&aacute; na sua largura do espa&ccedil;o excedente dentro do container.</p>
<p class=""MsoListParagraphCxSpMiddle"" style=""margin-top: 12.0pt; mso-add-space: auto; text-indent: -18.0pt; mso-list: l0 level1 lfo1;""><!-- [if !supportLists]--><span style=""font-family: Symbol; mso-fareast-font-family: Symbol; mso-bidi-font-family: Symbol; color: black; mso-themecolor: text1; mso-bidi-font-weight: bold;""><span style=""mso-list: Ignore;"">&middot;<span style=""font: 7.0pt 'Times New Roman';"">&nbsp;&nbsp;&nbsp;&nbsp;&nbsp;&nbsp;&nbsp;&nbsp; </span></span></span><!--[endif]--><strong><span style=""color: #0070c0;"">flex-shrink</span></strong></p>
<p class=""MsoListParagraphCxSpMiddle"" style=""margin-top: 12.0pt; mso-add-space: auto;"">O quanto a largura do elemento ir&aacute; reduzir para caber no container a medida que a largura deste reduz. Tamb&eacute;m &eacute; um inteiro.</p>
<p class=""MsoListParagraphCxSpMiddle"" style=""margin-top: 12.0pt; mso-add-space: auto; text-indent: -18.0pt; mso-list: l0 level1 lfo1;""><!-- [if !supportLists]--><span style=""font-family: Symbol; mso-fareast-font-family: Symbol; mso-bidi-font-family: Symbol; color: black; mso-themecolor: text1; mso-bidi-font-weight: bold;""><span style=""mso-list: Ignore;"">&middot;<span style=""font: 7.0pt 'Times New Roman';"">&nbsp;&nbsp;&nbsp;&nbsp;&nbsp;&nbsp;&nbsp;&nbsp; </span></span></span><!--[endif]--><strong><span style=""color: #0070c0;"">flex-basis</span></strong></p>
<p class=""MsoListParagraphCxSpMiddle"" style=""margin-top: 12.0pt; mso-add-space: auto;"">Diz respeito a largura do elemento se a propriedade flex-direction do pai (a sua largura) estiver definida como row ou row-reverse ou a altura se estiver definida como column ou column-reverse.</p>
<p class=""MsoListParagraphCxSpMiddle"" style=""margin-top: 12.0pt; mso-add-space: auto; text-indent: -18.0pt; mso-list: l1 level1 lfo2;""><!-- [if !supportLists]--><span style=""font-family: Symbol; mso-fareast-font-family: Symbol; mso-bidi-font-family: Symbol; mso-bidi-font-weight: bold;""><span style=""mso-list: Ignore;"">&middot;<span style=""font: 7.0pt 'Times New Roman';"">&nbsp;&nbsp;&nbsp;&nbsp;&nbsp;&nbsp;&nbsp;&nbsp; </span></span></span><!--[endif]--><strong><span style=""color: #0070c0;"">flex</span></strong></p>
<p class=""MsoListParagraphCxSpMiddle"" style=""margin-top: 12.0pt; mso-add-space: auto;"">Um atalho para flex-grow, flex-shrink e flex-basis nesta ordem onde vc define simultaneamente e separados por espa&ccedil;os os tr&ecirc;s valores.</p>
<p class=""MsoListParagraphCxSpMiddle"" style=""margin-top: 12.0pt; mso-add-space: auto; text-indent: -18.0pt; mso-list: l0 level1 lfo1;""><!-- [if !supportLists]--><span style=""font-family: Symbol; mso-fareast-font-family: Symbol; mso-bidi-font-family: Symbol; color: black; mso-themecolor: text1; mso-bidi-font-weight: bold;""><span style=""mso-list: Ignore;"">&middot;<span style=""font: 7.0pt 'Times New Roman';"">&nbsp;&nbsp;&nbsp;&nbsp;&nbsp;&nbsp;&nbsp;&nbsp; </span></span></span><!--[endif]--><strong><span style=""color: #0070c0;"">order</span></strong></p>
<p class=""MsoListParagraphCxSpMiddle"" style=""margin-top: 12.0pt; mso-add-space: auto;"">A ordem do elemento dentro do container.</p>
<p class=""MsoListParagraphCxSpMiddle"" style=""margin-top: 12.0pt; mso-add-space: auto; text-indent: -18.0pt; mso-list: l1 level1 lfo2;""><!-- [if !supportLists]--><span style=""font-family: Symbol; mso-fareast-font-family: Symbol; mso-bidi-font-family: Symbol; mso-bidi-font-weight: bold;""><span style=""mso-list: Ignore;"">&middot;<span style=""font: 7.0pt 'Times New Roman';"">&nbsp;&nbsp;&nbsp;&nbsp;&nbsp;&nbsp;&nbsp;&nbsp; </span></span></span><!--[endif]--><strong><span style=""color: #0070c0;"">align-self</span></strong></p>
<p class=""MsoListParagraphCxSpLast"" style=""margin-top: 12.0pt; mso-add-space: auto;"">Alinha individualmente um flex-item sobrescrevendo o valor da propriedade align-items para o elemento filho (flex-item) ao qual a align-self esfiver definida podendo receber os mesmos valores de align-items.</p>
<p class=""MsoNormal"" style=""margin-top: 12.0pt;"">&nbsp;</p>",uploads/covers/1655055003-deices-responsives.png,1,2022-07-29 23:44:45,2022-07-29 23:44:45
3,68,3,can&ccedil;&atilde;o de Ex&iacute;lio Teste,Um Poema de Gon&ccedil;alves Dias,"                                                                                                    <pre>Minha terra tem palmeiras,<br>Onde canta o Sabiá;<br>As aves, que aqui gorjeiam,<br>Não gorjeiam como lá.<br><br><br>Nosso céu tem mais estrelas,<br>Nossas várzeas têm mais flores,<br>Nossos bosques têm mais vida,<br>Nossa vida mais amores.<br><br><br>Em cismar, sozinho, à noite,<br>Mais prazer encontro eu lá;<br>Minha terra tem palmeiras,<br>Onde canta o Sabiá.<br><br><br>Minha terra tem primores,<br>Que tais não encontro eu cá;<br>Em cismar — sozinho, à noite —<br>Mais prazer encontro eu lá;<br>Minha terra tem palmeiras,<br>Onde canta o Sabiá.<br><br><br>Não permita Deus que eu morra,<br>Sem que eu volte para lá;<br>Sem que desfrute os primores<br>Que não encontro por cá;<br>Sem qu'inda aviste as palmeiras,<br>Onde canta o Sabiá.<br><br><br>Minha terra tem palmeiras,<br>Onde canta o Sabiá;<br>As aves, que aqui gorjeiam,<br>Não gorjeiam como lá.<br><br><br>Nosso céu tem mais estrelas,<br>Nossas várzeas têm mais flores,<br>Nossos bosques têm mais vida,<br>Nossa vida mais amores.<br><br><br>Em cismar, sozinho, à noite,<br>Mais prazer encontro eu lá;<br>Minha terra tem palmeiras,<br>Onde canta o Sabiá.<br><br>Minha terra tem primores,<br>Que tais não encontro eu cá;<br>Em cismar — sozinho, à noite —<br>Mais prazer encontro eu lá;<br>Minha terra tem palmeiras,<br>Onde canta o Sabiá.<br><br><br>Não permita Deus que eu morra,<br>Sem que eu volte para lá;<br>Sem que desfrute os primores<br>Que não encontro por cá;<br>Sem qu'inda aviste as palmeiras,<br>Onde canta o Sabiá.</pre>
                
                
                
                
                ",uploads/covers/1656051744-forest.jpg,0,2022-07-29 23:26:26,2022-07-29 23:26:26
4,70,3,Fibers em PHP Teste,Vis&atilde;o Geral das Fibras,"                    <p>Este pequeno tutórial visa mostrar de forma técnica o uso das Fibers - recurso que foi introduzido no PHP 8.</p>
<p class=""para""><span>As fibras representam funções de pilha completa e interrompíveis. As fibras podem ser suspensas de qualquer lugar na pilha de chamadas, pausando a execução dentro da fibra até que a fibra seja retomada posteriormente.</span></p>
<p class=""para""><span>As fibras pausam toda a pilha de execução, para que o chamador direto da função não precise alterar a forma como invoca a função.</span></p>
<p class=""para""><span>A execução pode ser interrompida em qualquer lugar na pilha de chamadas usando </span><span class=""methodname""><a class=""methodname"" href=""https://www.php.net/manual/en/fiber.suspend.php""><span>Fiber::suspend()</span></a></span><span> (ou seja, a chamada para </span><span class=""methodname""><a class=""methodname"" href=""https://www.php.net/manual/en/fiber.suspend.php""><span>Fiber::suspend()</span></a></span><span> pode estar em uma função profundamente aninhada ou nem mesmo existir).</span></p>
<p class=""para""><span>Ao contrário dos </span><a href=""https://www.php.net/manual/en/class.generator.php""><span class=""classname""><span>Generator</span></span></a><span><a href=""https://www.php.net/manual/en/class.generator.php""> </a>s sem pilha, cada </span><a href=""https://www.php.net/manual/en/class.fiber.php""><span class=""classname""><span>Fiber</span></span></a><span><a href=""https://www.php.net/manual/en/class.fiber.php""> </a>tem sua própria pilha de chamadas, permitindo que sejam pausadas em chamadas de função profundamente aninhadas. Uma função que declara um ponto de interrupção (ou seja, chamando </span><span class=""methodname""><a class=""methodname"" href=""https://www.php.net/manual/en/fiber.suspend.php""><span>Fiber::suspend()</span></a></span><span> ) não precisa alterar seu tipo de retorno, ao contrário de uma função que usa </span><a class=""link"" href=""https://www.php.net/manual/en/language.generators.syntax.php#control-structures.yield""><span>yield</span></a><span> que deve retornar uma instância de </span><span class=""classname""><a class=""classname"" href=""https://www.php.net/manual/en/class.generator.php""><span>Generator .</span></a></span></p>
<p class=""para""><span>As fibras podem ser suspensas em qualquer chamada de função, incluindo aquelas chamadas de dentro da PHP VM, como funções fornecidas para </span><span class=""function""><a class=""function"" href=""https://www.php.net/manual/en/function.array-map.php""><span>array_map()</span></a></span><span> ou métodos chamados por foreach em um objeto </span><span class=""classname""><a class=""classname"" href=""https://www.php.net/manual/en/class.iterator.php""><span>Iterator .</span></a></span></p>
<p class=""para""><span>Uma vez suspensa, a execução da fibra pode ser retomada com qualquer valor usando </span><span class=""methodname""><a class=""methodname"" href=""https://www.php.net/manual/en/fiber.resume.php""><span>Fiber::resume()</span></a></span><span> ou lançando uma exceção na fibra usando </span><span class=""methodname""><a class=""methodname"" href=""https://www.php.net/manual/en/fiber.throw.php""><span>Fiber::throw()</span></a></span><span> . O valor é retornado (ou exceção lançada) de </span><a href=""https://www.php.net/manual/en/fiber.suspend.php""><span class=""methodname""><span>Fiber::suspend()</span></span></a><span><a href=""https://www.php.net/manual/en/fiber.suspend.php""> </a>.</span></p>
<p class=""para"">Fonte: <a href=""https://www.php.net/manual/en/language.fibers.php"">https://www.php.net/manual/en/language.fibers.php</a>. Acesso em 13/06/2022.</p>
<p class=""para""> </p>
                ",,1,2022-07-29 23:26:32,2022-07-29 23:26:32
5,76,3,Um Titulo  Atualizado Teste,Um Subtitulo Atualizado,"                                                                                                                                                                                                                                                                    <div id=""lipsum"">
<p>Lorem ipsum dolor sit amet, consectetur adipiscing elit. Nullam iaculis risus a orci sodales aliquam. Sed finibus lectus a pulvinar auctor. Phasellus erat odio, condimentum nec sem condimentum, dictum malesuada mi. Sed vitae lectus vitae neque facilisis sodales at vitae urna. Suspendisse non varius est. Nullam imperdiet magna non turpis volutpat elementum. Donec ut purus augue. Donec malesuada lorem vitae nisi faucibus, sit amet tempus neque ultricies. Nullam imperdiet erat quis nunc ultrices maximus. Donec hendrerit in velit quis aliquam. Nullam maximus lectus sit amet feugiat facilisis. Integer pharetra tristique venenatis. Sed scelerisque ipsum ut nibh lobortis, ut dapibus elit lobortis. Duis dignissim convallis leo ac vulputate. Etiam aliquam rhoncus odio, ac pharetra lectus gravida eget. Donec cursus sagittis ipsum sed convallis.</p>
<p>Donec aliquam, mauris ut rhoncus rhoncus, odio augue tempor eros, vel cursus massa enim id nibh. Sed cursus nulla odio, sed convallis ante eleifend vitae. Cras maximus aliquam sapien ac rhoncus. Orci varius natoque penatibus et magnis dis parturient montes, nascetur ridiculus mus. Donec ut sem nec ipsum viverra suscipit. Nulla facilisi. Suspendisse quis fringilla ex.</p>
<p>Etiam at vestibulum nisl, vel posuere augue. Nullam vulputate dui eros, eget fringilla nisi blandit at. Ut metus lacus, pulvinar et nisi eu, eleifend aliquam dui. Aenean tempus eget nulla et gravida. Sed sagittis sem ipsum, nec lacinia sapien commodo nec. Curabitur sed nisl in augue porttitor commodo quis et mauris. Duis condimentum augue quis lacus tempus, et feugiat orci gravida. Quisque imperdiet suscipit ex, eget egestas nisi ultrices ac. Mauris odio leo, ornare in libero euismod, porttitor pulvinar ligula. Nullam varius dolor quis venenatis facilisis. Donec a diam quis dolor feugiat aliquet. Proin facilisis nibh et sapien faucibus vulputate ac quis orci. Nullam porttitor vestibulum lacinia.</p>
<p> </p>
</div>
                
                
                
                
                
                
                
                
                
                
                
                
                ",uploads/covers/1655842990-y8qe3tf.jpg,0,2022-07-29 23:26:35,2022-07-29 23:26:35
